{
  "best_metric": 8.689581309819523,
  "best_model_checkpoint": "/gdrive/MyDrive/ML_proj/checkpoints/checkpoint-20",
  "epoch": 3.2962962962962963,
  "global_step": 20,
  "is_hyper_param_search": false,
  "is_local_process_zero": true,
  "is_world_process_zero": true,
  "log_history": [
    {
      "epoch": 1.59,
      "learning_rate": 1.9969173337331276e-05,
      "loss": 0.151,
      "step": 10
    },
    {
      "epoch": 1.59,
      "eval_loss": 0.055992841720581055,
      "eval_psnr": 10.81570292269399,
      "eval_runtime": 19.4224,
      "eval_samples_per_second": 3.501,
      "eval_ssim": 0.09311318192017304,
      "eval_steps_per_second": 0.463,
      "step": 10
    },
    {
      "epoch": 3.3,
      "learning_rate": 1.987688340595137e-05,
      "loss": 0.0531,
      "step": 20
    },
    {
      "epoch": 3.3,
      "eval_loss": 0.04060069099068642,
      "eval_psnr": 8.689581309819523,
      "eval_runtime": 19.5032,
      "eval_samples_per_second": 3.487,
      "eval_ssim": 0.07037859192087252,
      "eval_steps_per_second": 0.461,
      "step": 20
    }
  ],
  "max_steps": 2400,
  "num_train_epochs": 400,
  "total_flos": 0.0,
  "trial_name": null,
  "trial_params": null
}
